{
    "catapult": {
        "maxAmmo": 3,
        "pos": [
            -500.0,
            200.0
        ]
    },
    "fortification": {
        "bricks": [
            {
                "mass": 197.0,
                "pos": [
                    -30.0,
                    163.00001525878906
                ],
                "scale": [
                    0.5,
                    0.5
                ]
            },
            {
                "mass": 50.0,
                "pos": [
                    13.0,
                    37.500003814697266
                ],
                "scale": [
                    0.75,
                    0.75
                ]
            },
            {
                "mass": 50.0,
                "pos": [
                    -8.0,
                    106.49999237060547
                ],
                "scale": [
                    0.6100000143051147,
                    0.6299999952316284
                ]
            }
        ],
        "pos": [
            500.0,
            200.0
        ]
    }
}
