{
    "catapult": {
        "pos": [
            -500.0,
            200.0
        ]
    },
    "fortification": {
        "bricks": [
            {
                "pos": [
                    -40.0,
                    24.999998092651367
                ],
                "scale": [
                    0.5,
                    0.5
                ]
            },
            {
                "pos": [
                    -42.0,
                    222.5
                ],
                "scale": [
                    0.1599999964237213,
                    1.4500000476837158
                ]
            },
            {
                "pos": [
                    -41.0,
                    125.00000762939453
                ],
                "scale": [
                    0.5,
                    0.5
                ]
            },
            {
                "pos": [
                    -21.0,
                    75.0
                ],
                "scale": [
                    0.5,
                    0.5
                ]
            }
        ],
        "pos": [
            500.0,
            200.0
        ]
    }
}
