{
    "catapult": {
        "maxAmmo": 4,
        "pos": [
            -500.0,
            200.0
        ]
    },
    "fortification": {
        "bricks": [
            {
                "mass": 52.0,
                "pos": [
                    -21.0,
                    -51904.25390625
                ],
                "scale": [
                    0.5,
                    0.5
                ]
            },
            {
                "mass": 197.0,
                "pos": [
                    -45.0,
                    -66559.34375
                ],
                "scale": [
                    0.5,
                    0.5
                ]
            },
            {
                "mass": 44.0,
                "pos": [
                    -39.0,
                    -35778.00390625
                ],
                "scale": [
                    0.1599999964237213,
                    1.4500000476837158
                ]
            },
            {
                "mass": 70.0,
                "pos": [
                    -33.0,
                    -51854.25390625
                ],
                "scale": [
                    0.5,
                    0.5
                ]
            }
        ],
        "pos": [
            500.0,
            200.0
        ]
    }
}
