{
    "catapult": {
        "maxAmmo": 4,
        "pos": [
            -500.0,
            200.0
        ]
    },
    "fortification": {
        "bricks": [
            {
                "mass": 197.0,
                "pos": [
                    -45.0,
                    24.99999237060547
                ],
                "scale": [
                    0.5,
                    0.5
                ]
            },
            {
                "mass": 44.0,
                "pos": [
                    -39.0,
                    222.49998474121094
                ],
                "scale": [
                    0.1599999964237213,
                    1.4500000476837158
                ]
            },
            {
                "mass": 70.0,
                "pos": [
                    -33.0,
                    125.00000762939453
                ],
                "scale": [
                    0.5,
                    0.5
                ]
            },
            {
                "mass": 52.0,
                "pos": [
                    -21.0,
                    75.0
                ],
                "scale": [
                    0.5,
                    0.5
                ]
            }
        ],
        "pos": [
            500.0,
            200.0
        ]
    }
}
