{
    "catapult": {
        "pos": [
            -500.0,
            200.0
        ]
    },
    "fortification": {
        "bricks": [
            {
                "pos": [
                    -46.0,
                    74.99999237060547
                ],
                "scale": [
                    0.5,
                    0.5
                ]
            },
            {
                "pos": [
                    -3.0,
                    125.00000762939453
                ],
                "scale": [
                    0.5,
                    0.5
                ]
            },
            {
                "pos": [
                    -3.0,
                    25.0000057220459
                ],
                "scale": [
                    0.5,
                    0.5
                ]
            }
        ],
        "pos": [
            500.0,
            200.0
        ]
    }
}
