{
    "catapult": {
        "pos": [
            -500.0,
            200.0
        ]
    },
    "fortification": {
        "bricks": [
            {
                "pos": [
                    0.0,
                    25.000001907348633
                ],
                "scale": [
                    0.5,
                    0.5
                ]
            },
            {
                "pos": [
                    0.0,
                    125.0
                ],
                "scale": [
                    0.5,
                    0.5
                ]
            },
            {
                "pos": [
                    0.0,
                    75.0
                ],
                "scale": [
                    0.5,
                    0.5
                ]
            },
            {
                "pos": [
                    0.0,
                    174.99998474121094
                ],
                "scale": [
                    0.5,
                    0.5
                ]
            }
        ],
        "pos": [
            500.0,
            200.0
        ]
    }
}
